SNR_dB,NMSE_LS_dB,NMSE_MMSE_dB,NMSE_CNN_dB,BER_LS,BER_MMSE,BER_CNN,BER_Ideal
0,0.1500162563159061,-2.1152736906767178,-3.212898531141767,0.6375538970529587,0.37465065641914047,0.32314154908782006,1e-05
5,-3.2589997925393193,-3.6512261202823186,-6.722591485123503,0.31437749151480415,0.2787719921418741,0.16391385445526546,1e-05
10,-5.581591227768671,-5.2410115868805125,-10.489537574242668,0.20142429287373298,0.2095683446658751,0.07651650974328292,1e-05
15,-7.307148133136057,-6.967452251743773,-14.503360371744373,0.14608677333329165,0.1544857528516224,0.033485639630319176,1e-05
20,-7.022382003337234,-6.886900201889073,-16.52859566157392,0.15743329816370516,0.1602720894697107,0.021194142628126755,1e-05
25,-7.525752656236071,-7.471585430539399,-18.038542976146722,0.14481175101333144,0.145875062296138,0.015928976206077253,1e-05
